METRIC,MIN,MEDIAN,MAX
CATALOG_SPECTRAL_RV_CORRELATION,0.9982346169853764,0.9989765376625055,0.9997810276123705
SPECTRAL_ON_CATALOG_SLOPE,0.9156505439017074,0.9769482718674061,1.0007789772825506
MEDIAN_ABS_RV_RESIDUAL_KMS,0.30046074070852313,1.781952350818763,6.402481270065073
MAX_ABS_RV_RESIDUAL_KMS,1.5918819954840076,3.0915008649572435,7.810360395263885
CATALOG_RV_RANGE_KMS,46.623987279444705,60.7249409927289,76.00361763141635
SPECTRAL_RV_RANGE_KMS,44.707442852341465,57.03888011772894,73.0163839573359
ABS_SELF_MODEL_SHIFT_KMS,1.0050284583375597,1.324984638692717,6.748534977078263
